<configuration>
    <properties>
        <property name="log_base">${sys:app_base}/logs/app</property>
    </properties>
    <Appenders>
        <Console name="Console" target="SYSTEM_OUT">
            <PatternLayout charset="UTF-8" pattern="%d [%-5p] %c %t - %m%n"/>
        </Console>

        <RollingFile name="RollingFile" fileName="${log_base}/app.log"
                     filePattern="${log_base}/app.%d{yyyy-MM-dd}.log">
            <PatternLayout pattern="%d %c %t [%X{traceId}] - %m%n"/>
            <TimeBasedTriggeringPolicy/>
        </RollingFile>
        <RollingFile name="ErrorFile" fileName="${log_base}/error.log"
                     filePattern="${log_base}/error.%d{yyyy-MM-dd}.log">
            <Filters>
                <ThresholdFilter level="error" onMatch="ACCEPT" onMismatch="DENY"></ThresholdFilter>
            </Filters>
            <PatternLayout pattern="%d %c %t [%X{traceId}] - %m%n"/>
            <TimeBasedTriggeringPolicy/>
        </RollingFile>
        <RollingFile name="AccessFile" fileName="${log_base}/access.log"
                     filePattern="${log_base}/access.%d{yyyy-MM-dd}.log">
            <PatternLayout pattern="%d %c %t [%X{traceId}] - %m%n"/>
            <TimeBasedTriggeringPolicy/>
        </RollingFile>
        <File name="BuildTrackingFile" fileName="${log_base}/build_track.log">
            <PatternLayout pattern="%d %c %t [%X{traceId}]- %m%n"/>
        </File>
    </Appenders>

    <Loggers>
        <Logger name="access" level="info">
            <AppenderRef ref="Console"/>
            <AppenderRef ref="AccessFile"/>
        </Logger>
        <Root level="info">
            <AppenderRef ref="Console"/>
            <AppenderRef ref="RollingFile"/>
            <AppenderRef ref="ErrorFile"/>
        </Root>
        <Logger name="tracking" level="info" addivity="false" includeLocation="true">
            <AppenderRef ref="BuildTrackingFile"/>
        </Logger>
    </Loggers>
</configuration>